Lydraščio Nr.;Administracijos padalinio pavadinimas;Prekių BVPŽ kodas, paslaugų kategorija, darbai;Darbų objektas;Pirkimo grupė;Laimėtojo nustatymo data;Laimėtojas;Laimėtojo pasiūlymo kaina, Eur;Sutarties vertė, Eur;Pirkimo pavadinimas;Pirkimo objekto apibūdinimas;Spe. Reikalavimai;Pirkimo procedūros pradžia
7492;Eigulių seniūnija;KAT27.799;paslaugos;2013.10.24;Petras Jucevičius;1737,72;1737,72;Kultūrinio renginio organizavimas;Kultūrinių renginių organizavimo paslaugos.;2014.01.06
7550;Bendrasis skyrius;185;prekės;2014.01.13;UAB Lietuvos monetų kalykla;2368,98;2368,98;J. Vileišio medaliai;J. Vileišio medaliai.;Ne per CPO;2014.01.08
7612;Bendrasis skyrius;411;prekės;2014.03.18;UAB Eden Spring Lietuva;11534,4;11534,4;Vanduo (19 l talpose) ir vienkartiniai puodeliai;Vanduo (19 l talpose) ir vienkartiniai puodeliai;Ne per CPO. Papildomas kodas 39222120-1;2014.01.10
7692;Bendrasis skyrius;Darbai;Lampėdžių g. 10;Darbų pirkimas;2014.02.03;UAB „Vilungė“;141,91;141,91;Stiklo paketas su pakeitimu;Stiklo paketas su pakeitimu;Ne per CPO;2014.01.17
7730;Bendrasis skyrius;445;prekės;2014.02.10;UAB Centrinis raktų servisas;3498,61;3504,4;Raktai (dublikatai) ir avarinis durų atidarymas;Raktai (dublikatai) ir avarinis durų atidarymas;Ne per CPO;2014.01.17
7770;Bendrasis skyrius;KAT1.501;paslaugos;2014.01.24;UAB Techninės apžiūros centras;579,24;579,24;Transporto priemonių valstybinė techninė apžiūra;Transporo priemonių valstybinė techninė apžiūra;Ne per CPO;2014.01.21
7771;Bendrasis skyrius;KAT1.501;paslaugos;2014.02.04;Regitra;434,43;434,43;Transporto priemonių įregistravimo, išregistravimo dokumentų tvarkymas;Transporto priemonių įregistravimo, išregistravimo dokumentų tvarkymas;Ne per CPO;2014.01.21
7810;Bendrasis skyrius;392;prekės;2014.02.04;Edmundas Unguraitis;3504,4;3504,4;Dirbiniai iš stiklo;Dirbiniai iš stiklo;Ne per CPO;2014.01.22
7831;Bendrasis skyrius;KAT26.925;paslaugos;2014.02.17;UAB ,,Ekobazė'';26,28;8688,6;Konfidencialių archyvinių dokumentų naikinimas;Konfidencialių archyvinių dokumentų naikinimas;Ne per CPO;2014.01.23
7910;Bendrasis skyrius;395;prekės;2014.02.17;UAB „Dextera“;3504,4;3504,4;žaliuzės;Žaliuzės.;Ne per CPO;2014.01.29
7911;Tarptautinių ryšių ir protokolo skyrius;KAT13.793;paslaugos;2014.01.29;UAB „Diena Media News;1752,2;1752,2;Reklamos paslaugų pirkimas;Reklamos paslaugų pirkimas;2014.01.29
7970;Bendrasis skyrius;Darbai;Lampėdžių g. 10;Darbų pirkimas;2014.02.11;UAB „Vilungė“;2026,08;2026,08;Apsaugos nuo įsilaužimo signalizacijos sistemų montavimo darbai;Apsaugos nuo įsilaužimo signalizacijos sistemų montavimo Darbai.;Ne per CPO;2014.02.05
7990;Bendrasis skyrius;441;prekės;UAB „Vilungė“;2878,82;2878,82;Mediniai tašai;Mediniai tašai;Ne per CPO;2014.02.06
8013;Investicijų ir strateginio planavimo skyrius;KAT10.793;paslaugos;2014.01.08;Eglė Vaidelytė;2809,31;2809,31;Apklausų paslaugos;Apklausų paslaugos.;Ne per CPO;2014.02.07
8053;Investicijų ir strateginio planavimo skyrius;KAT11.794;paslaugos;2014.01.23;UAB „EuroPro LT“;2131,6;2102,64;Projekto (''Tilto tarp A. Juozapavičiaus pr. ir Tilto g. statybos darbai'') investicijų projekto parengimo paslaugos;Projekto (''Tilto tarp A. Juozapavičiaus pr. ir Tilto g. statybos darbai'') investicijų projekto parengimo paslaugos;Ne per CPO;2014.02.11
8091;Aplinkos apsaugos skyrius;185;prekės;2014.02.28;3165;3165;Suvenyrų (vėliavėlių) pirkimas;Vėliavėlės;Ne per CPO;2014.02.13
8111;Bendrasis skyrius;315;prekės;2014.04.11;UAB „Vilungė“;2896,2;2896,2;Šviestuvų su pakeitimu pirkimas;Šviestuvai su pakeitimu.;Ne per CPO;2014.02.18
8112;Bendrasis skyrius;446;prekės;2014.02.20;UAB ,,Manevro“;790,66;Dujinio katilo su pakeitimu pirkimas;Dujinis katilas su pakeitimu.;Ne per CPO;2014.02.18
8155;Civilinės saugos skyrius;315;prekės;2014.03.25;UAB MATRIX;243,83;243,83;Projektoriaus HITACHI CP-RS55lempos DT00701 pirkimas;Projektoriaus HITACHI CP-RS55 lempos pirkimas;ne per CPO;2014.02.21
8171;Kultūros paveldo skyrius;Darbai;Karo muziejaus sodelio skulptūrų ir medinių kryžių restauravimas;Darbų pirkimas;Kauno paminklų rest. proj. Institutas/ UAB ''Kauno projektavimo restauravimo ir statybos institutas'';13901,76;13901,76;Kryžių, koplystulpių ir stogastulpių Vytauto Didžiojo karo muziejaus sodelyje restauravimo darbai;Kryžių, koplystulpių ir stogastulpių Vytauto Didžiojo Karo muziejaus sodelyje restauravimo darbai;Ne per CPO;2014.02.24
8195;Bendrasis skyrius;Darbai;Laisvės al. 92;Darbų pirkimas;2014.03.06;UAB „Santermita“;574,53;574,53;Vandentiekio stovo avarijos likvidavimo Laisvės al. 92 remonto darbai;Vandentiekio stovo avarijos likvidavimo remonto darbai;Ne per CPO;2014.02.25
8196;Bendrasis skyrius;Darbai;Laisvės al. 92;Darbų pirkimas;2014.04.08;UAB ''Irdaiva'';2277,86;Langų keitimas ir angokraščių remontas Laisvės al. 92;Langų keitimas ir angokraščių remontas;Per CPO;2014.02.25
8199;Turto skyrius;Darbai;Mosėdžio g. 65;Darbų pirkimas;2014.06.10;UAB „Vilniaus betono demontavimo technika“;4471,7;4471,7;Pastato Mosėdžio g. 65, Kaune, pamatų griovimo aprašo parengimas ir griovimo darbai su statybvietės sutvarkymu;Pastato Mosėdžio g. 65, Kaune, pamatų griovimo aprašo parengimas ir griovimo darbai su statybvietės sutvarkymu;Vykdyti ne per CPO;2014.02.26
8200;Turto skyrius;KAT10.793;paslaugos;2014.04.22;UAB „Kelprojektas“;4065,11;4065,11;Žemės sklypų dalių, patenkančių į formuojamus žemės sklypus, skirtus susisiekimo komunikacijoms įrengti, Kaune, paėmimo visuomenės poreikiams sąnaudų ir naudos analizės parengimo paslaugos pirkimas;Žemės sklypų dalių, patenkančių į formuojamus žemės sklypus, skirtus susisiekimo komunikacijoms įrengti, Kaune, paėmimo visuomenės poreikiams sąnaudų ir naudos analizės parengimo paslaugos pirkimas (H. ir O.Minkovskių g. ta;Vykdyti ne per CPO;2014.02.26
8202;Aplinkos apsaugos skyrius;189;prekės;2014.03.18;3955,2;3955,2;Atšvaitinių krepšių pirkimas;Atšvaitiniai krepšeliai;Ne per CPO;2014.02.26
8212;Transporto ir eismo organizavimo skyrius;224;prekės;2014.03.17;UAB „Ukmergės spaustuvė“;1419;1419;Leidimų vežti keleivius lengvaisiais automobiliais taksi pirkimas;Leidimų vežti keleivius lengvaisiais automobiliais taksi pirkimas;Ne per CPO;2014.02.27
8234;Socialinės paramos skyrius;325;prekės;2014.07.28;UAB TC Prekyba;398,23;398,23;Belaidžiai telefonai;Belaidžiai telefonai.;Ne CPO pirkimas;2014.03.03
8240;Tarptautinių ryšių ir protokolo skyrius;185;prekės;Candy Card;2805;2805;Reprezentacinės dovanos su Kauno miesto vaizdu;Reprezentaciniai suvenyrai (dovanos)  su Kauno miesto vaizdais;ne per CPO;2014.03.04
8272;Kultūros paveldo skyrius;Darbai;Atminimo lenta Kauno Saulės Gimnazija, Savanorių pr. 46;Darbų pirkimas;2014.12.08;UAB ,,Akmelita ir KO'';753,01;753,01;Atminimo lentos „Saulės gimnazija“ įrengimas, Savanorių pr. 46;Atminimo lentos „Saulės gimnazija“ įrengimas, Savanorių pr .46;Ne per CPO;2014.03.05
8279;Socialinių paslaugų skyrius;397;prekės;2014.06.03;IĮ „Technologica Ecliptica“;2896,2;2896,2;Šaldytuvas, šaldiklis, indų plovimo mašina (pramoniniai);Šaldytuvas, šaldiklis, indų plovimo mašina (pramoniniai);ne per CPO;2014.03.05
8283;Bendrasis skyrius;KAT23.797;paslaugos;2014.03.10;UAB G4S Lietuva;140,18;140,18;Apsaugos paslaugos Lampėdžių g. 10;Apsaugos paslaugos Lampėdžių g. 10;Ne per CPO;2014.03.05
8286;Investicijų ir strateginio planavimo skyrius;391;prekės;2014.02.25;UAB „Ekspozicijų centras“;8688,6;8688,6;MIPIM 2014. Bendro stendo su Vilniaus savivaldybe įrengimas;MIPIM-2014. Bendro stendo su Vilniaus m. savivaldybesukūrimas ir įrengimas;Pirkimą atliks Vilniaus m. sav administracija;2014.03.05
8294;Investicijų ir strateginio planavimo skyrius;KAT27.799;paslaugos;2014.02.27;UAB ''PM Screen Group'';5792,4;5792,4;MIPIM 2014. stendo grafinis apipavidalinimas ir įranga;MIPIM 2014 stendo grafinis apipavidalinimas ir įranga;Pirkimą atliks Vilniaus m. sav. administracija;2014.03.05
8295;Investicijų ir strateginio planavimo skyrius;KAT27.799;paslaugos;UAB ''PM Screen Group'';5792,4;5792,4;MIPIM 2014. Internetinės svetainės atnaujinimas ir informacinės medžiagos sukūrimas;MIPIM 2014 internetinės svetainės atnaujinimas ir informacinės medžiagos sukūrimas;Pirkimą atliks Vilniaus m. sav. administracija;2014.03.05
8331;Aplinkos apsaugos skyrius;KAT27.778;paslaugos;2014.03.31;7744;7744;Vandens augmenijos mažinimo (įžuvinimo baltaisiais amūrais) paslaugos;Vandens augmenijos mažinimo (įžuvinimo baltaisiais amūrais) paslaugos;Ne per CPO;2014.03.06
8412;Bendrasis skyrius;322;prekės;2014.05.15;UAB „Omnitel“;2433,62;2433,62;Įprasti mobilieji telefonai;Įprasti mobilieji telefonai;Per CPO;2014.03.14
8415;Bendrasis skyrius;323;prekės;2014.04.11;UAB Avitelos prekyba;624,12;624,12;Diktofonai;Diktofonai;Ne per CPO;2014.03.14
8430;Bendrasis skyrius;KAT6.665;paslaugos;2014.03.21;'BTA Insurance Company'' SE filialas Lietuvoje;31,86;31,86;Įprastinės transporto priemonių valdytojų civilinės atsakomybės privalomasis draudimas;Įprastinės transporto priemonių valdytojų civilinės atsakomybės privalomasis draudimas;Ne per CPO;2014.03.18
8450;Šilainių seniūnija;349;prekės;2014.04.10;UAB ''Izovoltas'';5712,18;5712,18;Kelių priežiūros ir remonto įrenginiai;Kelių priežiūros ir remonto įrenginiai.;Ne per CPO;2014.03.19
8454;Bendrasis skyrius;442;prekės;2014.04.02;UAB „Ambinga“;28038,11;28038,11;Balsavimo kabinos, balsavimo inventoriaus nuvežimas į rinkimų apylinkes, sumontavimas/išmontavimas ir pervežimas saugoti;Balsavimo kabinos, balsavimo inventoriaus nuvežimas į rinkimų apylinkes, sumontavimas/išmontavimas ir pervežimas saugoti;Ne per CPO;2014.03.19
8455;Bendrasis skyrius;441;prekės;2014.03.21;UAB „AUDIOTONAS“;143,35;143,35;Spalvotos plėvelės;Spalvotos plėvelės;Ne per CPO;2014.03.19
8456;Bendrasis skyrius;352;prekės;2014.03.25;UAB ''Rokaras'';260,66;260,66;Besikeičiančios informacijos švieslentės;Besikeičiančios informacijos švieslentės;Ne per CPO;2014.03.19
8470;Kūno kultūros ir sporto skyrius;184;prekės;2014.05.30;AB Audimas;10126,32;10126,32;Sportinės aprangos pirkimas;Sportinės aprangos pirkimas;18931100-5 Ne per CPO;2014.03.20
8490;Tarptautinių ryšių ir protokolo skyrius;KAT13.793;paslaugos;2014.03.26;UAB „Diena Media News;2873,6;2873,6;Reklamos paslaugos. Specialiame metiniame žurnale ''Verslas.Lyderiai'';Reklamos paslaugos. Specialiame metiniame žurnale ''Verslas.Lyderiai'';ne per CPO;2014.03.24
8510;Miesto tvarkymo skyrius;Darbai;Pontoninė prieplauka prie Vytauto Didžiojo bažnyčios;Darbų pirkimas;2014.04.08;Mažoji bendrija ''Narų darbai'';3912,77;3912,77;Pontoninės prieplaukos pastatymas ir nuėmimas Kauno senamiestyje prie Vytauto Didžiojo bažnyčios;Pontoninės prieplaukos pastatymas ir nuėmimas Kauno senamiestyje prie Vytauto Didžiojo bažnyčios;Ne per CPO;2014.03.25
8511;Tarptautinių ryšių ir protokolo skyrius;KAT13.793;paslaugos;2014.03.26;UAB „Statyba ir architektūra“;911,15;911,15;Reklamos paslaugos. Specialiame leidinyje ''Statyba ir architektūra''.;Reklamos paslaugos. Specialiame leidinyje ''Statyba ir architektūra''.;ne per CPO;2014.03.25
8513;Bendrasis skyrius;KAT1.508;paslaugos;2014.04.02;UAB Capsa;960;960;Alkotesterio ''ALCOTECTOR C2H50H'' remontAS ir patikra;Alkotesterio ''ALCOTECTOR C2H50H'' remontAS ir patikra;Ne per CPO;2014.03.26
8514;Bendrasis skyrius;KAT20.635;paslaugos;2014.05.19;UAB ''Nertinis'';4906,44;9812,88;kraustymo paslaugos;Kraustymo paslaugos;Ne per CPO;2014.03.26
8530;Civilinės saugos skyrius;317;prekės;2014.04.28;Vaidoto Sipavičiaus įmonė;8679,91;8679,91;Elektros sirenų valdymo įrenginių pirkimas;Elektros sirenų valdymo įrenginių pirkimas ir jų montavimas;ne per CPO;2014.03.27
8551;Bendrasis skyrius;442;prekės;MB ,,Įdoma“;854,38;854,38;Durys;Durys.;Ne per CPO. 45421131-1;2014.03.31
8552;Viešosios tvarkos skyrius;323;prekės;2014.08.04;UAB “FORLITA”;560,7;560,7;Diktofonai kartu su filmavimo funkcija;Diktofonai kartu su filmavimo funkcija;Ne per CPO;2014.03.31
8557;Petrašiūnų seniūnija;386;prekės;UAB „ Kuršių verslo grupė“;266,16;289,62;Fotoaparatas;Fotoaparatai.;ne per CPO;2014.03.31
8558;Petrašiūnų seniūnija;323;prekės;UAB Mediashop;86,6;86,89;Radijo imtuvas;Radijo imtuvai.;ne per CPO;2014.03.31
8571;Sveikatos apsaugos skyrius;KAT25.850;paslaugos;2014.06.18;Ave Vita klinika, UAB;5788,06;5788,06;Neapdraustų privalomuoju sveikatos draudimu asmenų sveikatos stiprinimo paslaugos;Neapdraustų privalomuoju sveikatos draudimu asmenų sveikatos priežiūros paslaugos;Ne per CPO;2014.04.01
8573;Sveikatos apsaugos skyrius;KAT24.805;paslaugos;2014.06.20;UAB ''Baltijos psichikos sveikatos centras'';12780,76;12780,76;Senyvo amžiaus asmenų gyvenimo kokybės gerinimas;Sveikatos mokymai ir sveiką gyvenseną skatinančių paslaugų teikimas senyvo amžiaus gyventojams;Ne per CPO;2014.04.01
8575;Miesto tvarkymo skyrius;Darbai;Vilniaus g.;Darbų pirkimas;2014.04.14;UAB „Bermanta“;4456,63;4456,63;Vilniaus g.  (nuo Nr. 74 iki Nr. 66) gelžbetoninių plokščių dangos remontas;Vilniaus g. (nuo Nr. 74 iki Nr. 66);Ne per CPO;2014.04.02
8577;Bendrasis skyrius;KAT1.508;paslaugos;2014.06.09;UAB „Santermita“;525,66;525,66;Kondicionierių remontas ir priežiūra;Kondicionierių remontas ir priežiūra;Ne per CPO;2014.04.02
8578;Bendrasis skyrius;322;prekės;UAB „Omnitel“;2517,64;2517,64;Išskirtiniai išmanieji mobilieji telefonai su lietimui jautriu ekranu;Išskirtiniai išmanieji mobilieji telefonai su lietimui jautriu ekranu;Per CPO;2014.04.02
8579;Eigulių seniūnija;31;prekės;2014.04.11;UAB Tarp gėlių LT;434,43;434,43;Skintų ir vazoninių gėlių bei puokščių pirkimas;Skintų ir vazoninių gėlių bei puokščių pirkimas;ne per CPO, 03121210-0;2014.04.02
8590;Socialinių paslaugų skyrius;222;prekės;2014.04.16;UAB „Diena Media News;86,89;86,89;Laikraščiai, dienraščiai, periodiniai leidiniai ir žurnalai (Kauno diena);Laikraščiai, dienraščiai, periodiniai leidiniai ir žurnalai (Kauno diena);ne per CPO;2014.04.03
8593;Socialinių paslaugų skyrius;222;prekės;2014.04.16;UAB „Lietuvos rytas;158,42;158,42;Laikraščiai, dienraščiai, periodiniai leidiniai ir žurnalai (Lietuvos rytas);Laikraščiai, dienraščiai, periodiniai leidiniai ir žurnalai (Lietuvos rytas);ne per CPO;2014.04.03
8596;Gričiupio seniūnija;31;prekės;2014.04.23;J. VAN VLIET (KAUNAS) CASH & CARRY, UAB;144,8;144,81;Gėlės;Skintos gėlės.;ne per CPO;2014.04.03
8603;Šilainių seniūnija;158;prekės;2014.04.17;UAB ''Eurobiuras'' - keitėsi įmonės pavadinimas;247,8;289,62;Įvairūs maisto produktai;Įvairūs maisto produktai.;Ne per CPO;2014.04.04
8608;Bendrasis skyrius;392;prekės;Edmundas Unguraitis;952,85;952,85;Stiklo gaminiai;Stiklo gaminiai;Ne per CPO;2014.04.04
8610;Turto skyrius;Darbai;Kareivinių g. 11;Darbų pirkimas;2014.08.07;Trapecija;8072,73;8072,73;Šiltnamio ir stoginės Kareivinių g. 11, Kaune laikančiųjų konstrukcijų liekanų griovimo  aprašo parengimas ir griovimo darbai su statybvietės sutvarkymu;Šiltnamio ir stoginės Kareivinių g. 11, Kaune laikančiųjų konstrukcijų liekanų griovimo  aprašo parengimas ir griovimo darbai su statybvietės sutvarkymu;Vykdyti ne per CPO;2014.04.04
8611;Bendrasis skyrius;395;prekės;2014.04.10;AB „Lytagra“;1140,52;1140,52;plastikiniai kilimėliai po kėdėm;Plastikiniai kilimėliai po kėdėm;Ne per CPO;2014.04.04
8628;Tarptautinių ryšių ir protokolo skyrius;221;prekės;2014.04.25;UAB „Alio“;1398,86;1398,86;Žymiausi Lietuvos kariuomenės mūšiai ir karinės operacijos;Istorinis albumas;ne per CPO;2014.04.09
8629;Bendrasis skyrius;223;prekės;2014.04.11;Gintaras Česonis;405,47;405,47;Panoraminė nuotrauka su Kauno m. vaizdu;Panoraminė nuotrauka-paveikslas su Kauno m. vaizdu;Ne per CPO;2014.04.09
8688;Civilinės saugos skyrius;Darbai;Pastatų griovimo technikos darbų atlikimo ekstremaliosios situacijos atveju darbau Kauno mieste;Darbų pirkimas;2014.05.13;UAB „Griovimo ir statybos darbai“;2803,52;2803,52;Pastatų griovimo technikos darbų atlikimas ekstremaliosios situacijos atveju;Pastatų griovimo technikos darbų atlikimo ekstremaliosios situacijos atveju pirkimas;ne per CPO;2014.04.10
8768;Kultūros ir turizmo plėtros skyrius;KAT7.722;paslaugos;2014.05.05;PocketGuide Inc;2250,35;2250,35;Pocket Guide audio gido aplikacijos pirkimas;Pocket Guide audio gido aplikacija;Ne per CPO;2014.04.15
8771;Dainavos seniūnija;158;prekės;2014.05.09;CHARLOT LT, UAB;463,39;463,39;Įvairūs maisto produktai - kava, arbata, vanduo, cukrus, saldainiai, sausainiai ir kt.;Įvairūs maisto produktai - kava, arbata, vanduo, cukrus, saldainiai, sausainiai;ne per CPO;2014.04.15
8772;Miesto tvarkymo skyrius;317;prekės;2014.04.28;UAB ,,Kelio  ženklai'';429,29;429,29;Traktorių, savaeigių ir žemės ūkio mašinų ir jų priekabų valstybinių numerių pirkimas;Traktorių, savaeigių ir žemės ūkio mašinų ir jų priekabų valstybiniai numeriai;Ne per CPO;2014.04.16
8777;Eigulių seniūnija;386;prekės;2014.05.29;UAB ,,Fotofabrikas'';272,24;272,24;Fotoaparatai;Fotoaparatai.;ne per CPO;2014.04.16
8809;Bendrasis skyrius;KAT6.665;paslaugos;2014.05.08;AAS Gjensidige Baltic;83,12;Pastato Perlojos g. 29 draudimas;Pastato Perlojos g. 29 draudimas;Ne per CPO;2014.04.18
8848;Miesto tvarkymo skyrius;Darbai;Gimnazijos g.;Darbų pirkimas;2014.05.02;UAB „Bermanta“;8622,49;8622,49;Gimnazijos g. nuo namo Nr. 7 iki Šv. Gertrūdos g. šaligatvio remonto darbai;Gimnazijos g. nuo namo Nr. 7 iki Šv. Gertrūdos g. šaligatvio remonto darbai;Ne per CPO;2014.04.23
8849;Miesto tvarkymo skyrius;Darbai;M. Daukšos g.;Darbų pirkimas;2014.05.02;UAB „Bermanta“;8550,7;8550,7;M. Daukšos g. nuo namo Nr. 55 iki Nr. 51 šaligatvio remonto darbai;M. Daukšos g. nuo namo Nr. 55 iki Nr. 51 šaligatvio remonto darbai;Ne per CPO;2014.04.23
8850;Bendrasis skyrius;392;prekės;2014.04.24;Edmundas Unguraitis;2242,82;2242,82;Dirbiniai iš stiklo gydytojų apdovanojimui;Dirbiniai iš stiklo gydytojų apdovanojimui;Ne per CPO;2014.04.23
8868;Kūno kultūros ir sporto skyrius;KAT17.551;paslaugos;2014.05.26;UAB „Doriteksas“;7472,2;7472,2;Apgyvendinimo ir  maitinimo paslaugų pirkimas;Apgyvendinimo ir maitinimo paslaugos;Ne per CPO, 55300000-3;2014.04.24
8889;Tarptautinių ryšių ir protokolo skyrius;KAT13.793;paslaugos;2014.04.25;UAB „Diena Media News;1033,65;1033,6;Reklamos paslaugos. Specialiame žurnale ''Sveikata'';Reklamos paslaugos. Specialiame žurnale ''Sveikata'';ne per CPO;2014.04.24
8893;Aleksoto seniūnija;392;prekės;2014.06.27;UAB ''Office system'';75,17;75,17;Nuotraukų rėmai;Nuotraukų rėmai.;Per CPO;2014.04.24
8894;Aleksoto seniūnija;158;prekės;2014.06.06;UAB Sanitex;231,2;231,2;Įvairūs maisto produktai;Įvairūs maisto produktai.;Ne per CPO;2014.04.24
8928;Miesto tvarkymo skyrius;224;prekės;Programos LEADER ir žemdirbių mokymo metodikos centras;141,23;141,23;Traktorių, savaeigių ir žemės ūkio mašinų ir jų priekabų registracijos liudijimai ir techninės apžiūros talonai;Traktorių, savaeigių ir žemės ūkio mašinų ir jų priekabų registracijos liudijimai ir techninės apžiūros talonai;Ne per CPO;2014.04.29
8951;Bendrasis skyrius;337;prekės;UAB Vilties vaistinė;427,94;427,94;Prekės naujagimiams;Prekės naujagimiams;Ne per CPO;2014.04.30
8988;Bendrasis skyrius;185;prekės;UAB Lietuvos monetų kalykla;4954,95;4954,95;J. Vileišio medaliai;J. Vileišio medaliai;Ne per CPO;2014.05.06
8989;Bendrasis skyrius;390;prekės;MB ,,Įdoma“;2970;2970;Odiniai biuro baldai;Odiniai biuro baldai;Ne per CPO;2014.05.06
8990;Bendrasis skyrius;349;prekės;2014.05.14;MB ,,Įdoma“;1992,6;1992,6;Metaliniai atitvarai;Metaliniai atitvarai;Ne per CPO;2014.05.06
8991;Bendrasis skyrius;352;prekės;2014.05.30;UAB „Ambinga“;432,44;432,44;Informacinis stendas Laisvės al. 96;Informacinis stendas;Ne per CPO;2014.05.06
8995;Privatizavimo skyrius;KAT27.790;paslaugos;2014.06.04;Auditas ir konsultacijos, UAB;2838,57;2838,57;UAB ''Kauno profilaktinės dezinfekcijos stotis'' akcijų vertinimo paslaugos;UAB ''Kauno profilaktinės dezinfekcijos stotis'' akcijų vertinimo paslaugos;ne per CPO;2014.05.06
9008;Kultūros paveldo skyrius;Darbai;K. Donelaičio g. 64;Darbų pirkimas;2014.07.24;Kauno paminklų rest. proj. Institutas/ UAB ''Kauno projektavimo restauravimo ir statybos institutas'';89999,56;89999,56;Skulptūros „Karys“ (Riteris) atkūrimo projekto parengimas, pagaminimas ir įkėlimas į Vytauto Didžiojo karo muziejaus kariliono ir laikrodžio bokštą;Skulptūros „Karys“ (Riteris) atkūrimo projekto parengimas, pagaminimas ir įkėlimas į Vytauto Didžiojo karo muziejaus kariliono ir laikrodžio bokštą;Ne per CPO 71220000-6;2014.05.07
9010;Bendrasis skyrius;392;prekės;2014.05.14;Edmundas Unguraitis;1200;1200;Dirbiniai iš stiklo su Kauno m. didžiuoju herbu;Dirbiniai iš stiklo su Kauno m. didžiuoju herbu;Ne per CPO;2014.05.07
9030;Viešosios vadybos ir personalo skyrius;KAT24.805;paslaugos;UAB ,,Kvalitetas“;1389,02;1389,02;Kokybės vadybos sistemos (ISO 9001) auditorių mokymo paslaugos;KVS (ISO 9001) auditorių mokumo paslaugos;Ne per CPO;2014.05.08
9050;Gričiupio seniūnija;386;prekės;2014.05.26;UAB ,,Fotofabrikas'';109,77;115,85;Fotoaparato pirkimas;Fotoaparatai.;ne per CPO;2014.05.09
9051;Gričiupio seniūnija;158;prekės;2014.06.13;UAB ''Eurobiuras'' - keitėsi įmonės pavadinimas;133,38;144,81;Įvairūs maisto produktai;Įvairūs maisto produktai ir sausieji produktai.;ne per CPO;2014.05.09
9088;Miesto tvarkymo skyrius;444;prekės;2014.06.03;UAB „Bonarta“;14181,97;14181,97;Kauno miesto gatvių pavadinimų lentelių pirkimas, įrengimas ir remontas;Kauno miesto gatvių pavadinimų lentelių pirkimas, įrengimas ir remontas;Ne per CPO;2014.05.13
9128;Žaliakalnio seniūnija;184;prekės;UAB „Vellera plius“;230,04;231,7;Sportinių marškinėlių pirkimas;Sportiniai marškinėliai.;ne per CPO;2014.05.19
9129;Informacinių technologijų skyrius;KAT7.723;paslaugos;2014.05.23;Kauno technologijos universitetas;7,01;7,01;Internetinio subdomeno panaudojimo paslauga;Internetinio subdomeno panaudojimo paslauga;2014.05.19
9130;Bendrasis skyrius;KAT23.797;paslaugos;2014.06.23;UAB „Omnitel“;2647,59;2647,59;Transporto kontrolės ir valdymo sistemų paslaugos;Transporto kontrolės ir valdymo sistemų paslaugos;Ne per CPO;2014.05.19
9148;Vilijampolės seniūnija;158;prekės;2014.06.05;UAB Sanitex;162,54;162,54;Įvairūs maisto produktai;Įvairūs maisto produktai.;Ne per CPO;2014.05.20
9192;Transporto ir eismo organizavimo skyrius;349;prekės;2014.06.30;Bipa;4257,85;4257,85;Automobilių stovėjimo bortelių pirkimas;Automobilių stovėjimo bortelių pirkimas;Ne per CPO;2014.05.23
9208;Miesto tvarkymo skyrius;Darbai;Jakšto g., Trakų g. 39, Aukštaičių g. 78, Nemuno g. 12 asfaltbetonio įrengimas perėjose;Darbų pirkimas;2014.06.27;UAB „Kamesta“;18709,48;18709,48;Iškiliųjų asfaltbetonio pėsčiųjų perėjų įrengimo darbai A. Jakšto g., Trakų g. 39, Aukštaičių g. 78, Nemuno g. 12;Iškiliųjų asfaltbetonio pėsčiųjų perėjų įrengimo darbai A. Jakšto g., Trakų g. 39, Aukštaičių g. 78, Nemuno g. 12;Ne per CPO;2014.05.26
9209;Miesto tvarkymo skyrius;Darbai;Pilies g.;Darbų pirkimas;2014.06.06;UAB „Bermanta“;6736,06;6736,06;Nuo Pilies g. link Kauno pilies šaligatvio tako remonto darbai;Nuo Pilies g. link Kauno pilies šaligatvio tako remonto darbai;Ne per CPO;2014.05.26
9211;Eigulių seniūnija;158;prekės;2014.06.10;CHARLOT LT, UAB;434,08;Įvairūs maisto produktai;Įvairūs maisto produktai.;ne per CPO;2014.05.26
9230;Socialinių paslaugų skyrius;397;prekės;2014.06.12;UAB „Šalnos prekyba“;509,15;509,15;ORO KONDICIONAVIMO PRIETAISŲ (MOBILIŲ ORO KONDICIONIERIŲ) PIRKIMAS;Oro kondicionavimo prietaisai.;ne per CPO;2014.05.28
9248;Turto skyrius;KAT10.793;paslaugos;2014.06.16;UAB „Kelprojektas“;2733,43;2733,43;Žemės sklypų dalių, patenkančių į formuojamus žemės sklypus, skirtus susisiekimo komunikacijoms įrengti, Kaune, paėmimo visuomenės poreikiams sąnaudų ir naudos analizės parengimo paslaugos pirkimas (Žemaičių pl. su aikšt.;Žemės sklypų dalių, patenkančių į formuojamus žemės sklypus, skirtus susisiekimo komunikacijoms įrengti, Kaune, paėmimo visuomenės poreikiams sąnaudų ir naudos analizės parengimo paslaugos pirkimas (Žemaičių pl.  su aikšt;Vykdyti ne per CPO;2014.05.29
9249;Aleksoto seniūnija;315;prekės;2014.08.27;UAB „Meiga“;1178,75;1178,75;Šviečiantys ženklai ir iškabos;Šviečiantys ženklai ir iškabos.;Ne per CPO;2014.05.29
9250;Bendrasis skyrius;Darbai;V. Krėvės pr. 41A;Darbų pirkimas;2014.06.12;Individuali įmonė V. Verbavičiaus firma „Vermeda“;7240,45;7240,45;Dainavos seniūnijos V. Krėvės pr. 41A neįgaliųjų įeigos įrengimas;Dainavos seniūnijos V. Krėvės pr. 41A neįgaliųjų įeigos įrengimas;Ne per CPO;2014.05.29
9251;Vilijampolės seniūnija;392;prekės;2014.06.19;CHARLOT LT, UAB;59,14;59,14;Nuotraukų rėmai;Nuotraukų rėmai.;Per CPO;2014.05.29
9253;Gričiupio seniūnija;325;prekės;2014.06.19;UAB ,,Fotofabrikas'';43,44;43,44;Belaidis telefonas;Belaidžiai telefonai.;ne per CPO;2014.05.29
9288;Socialinių paslaugų skyrius;330;prekės;2014.10.06;UAB „Efarmos'' vaistinė;446,53;446,53;Medicinos įranga, farmacijos ir asmens higienos produktai;Medicinos įranga, farmacijos ir asmens higienos produktai.;ne per CPO;2014.06.02
9308;Asmenų aptarnavimo skyrius;222;prekės;2014.09.03;UAB „Diena Media News;625,58;625,58;Kauno dienos prenumerata;Laikraščiai, dienraščiai, periodiniai leidiniai ir žurnalai.;Ne per CPO;2014.06.03
9333;Petrašiūnų seniūnija;392;prekės;2014.06.19;UAB „Sangaida“;40,05;40,05;statulėlės, papuošalai, įvairūs suvenyrai;Statulėlės, papuošalai, (įvairūs suvenyrai).;ne per CPO;2014.06.04
9335;Petrašiūnų seniūnija;158;prekės;UAB „Osama“;141,59;231,7;Įvairūs maisto produktai;Įvairūs maisto produktai.;ne per CPO;2014.06.04
9389;Žaliakalnio seniūnija;151;prekės;UAB Sanitex;723,09;724,05;Mėsos ir mėsos produktų pirkimas;Gyvūninės kilmės produktai, mėsa ir mėsos produktai.;ne per CPO;2014.06.11
9390;Žaliakalnio seniūnija;156;prekės;2014.06.30;UAB Sanitex;432,46;434,43;Grūdų malūno produktų (kruopų) pirkimas;Grūdų malūno produktai, krakmolas ir krakmolo gaminiai.;ne per CPO;2014.06.11
9391;Žaliakalnio seniūnija;153;prekės;UAB Sanitex;578,18;579,24;Vaisių ir daržovių pirkimas;Vaisiai, daržovės ir panašūs produktai.;ne per CPO;2014.06.11
9392;Tarptautinių ryšių ir protokolo skyrius;KAT12.713;paslaugos;UAB Izet „Travel-Inn“;280,35;280,35;Ekspertų (dalyko žinovų) paslaugų pirkimas;Ekspertų (dalyko žinovų) paslaugos Tarnybinių kelionių aptarnavimo pasiūlymų vertinimui;ne per CPO;2014.06.11
9408;Apskaitos skyrius;KAT24.805;paslaugos;2014.07.11;UAB ''ERNST & YOUNG BALTIC'';2780,35;2780,35;Mokymo paslaugų pirkimas;Apskaitos skyriaus darbuotojų mokymo paslaugos VSAKIS;Ne per CPO;2014.06.11
9428;Petrašiūnų seniūnija;91;prekės;UAB „Ekoverskas“;578,23;578,23;Malkos;Malkos;ne per CPO;2014.06.12
9432;Petrašiūnų seniūnija;163;prekės;UAB „Mecro technikonas“;433,39;433,39;Benzininė vejapjovė;Vejapjovės, naudojamos žolynams, parkų pievoms arba sporto aikštelėms pjauti.;ne per CPO;2014.06.12
9434;Petrašiūnų seniūnija;Darbai;Chemijos g./Guobų g;Darbų pirkimas;UAB Eglarta;3647,38;3647,38;Įvairūs dangos Darbai.;Įvairūs dangos Darbai.;ne per CPO;2014.06.12
9448;Miesto tvarkymo skyrius;352;prekės;2014.08.05;UAB „Lagunta“;3241,57;3241,57;Informacinių stovų Kauno senosiose kapinėse pirkimas;Informacinių stovų Kauno senosiose kapinėse pirkimas;Ne per CPO;2014.06.13
9449;Panemunės seniūnija;386;prekės;2014.06.30;UAB Senukų prekybos centras;419,95;419,95;Skaitmeninės kameros;Skaitmeninės kameros.;Ne per CPO;2014.06.13
9451;Panemunės seniūnija;391;prekės;2014.06.30;UAB „Blonis“;2816,55;2816,55;Suolai;Suolai.;Ne per CPO;2014.06.13
9470;Asmenų aptarnavimo skyrius;222;prekės;2014.06.17;UAB „Lietuvos rytas;508,57;508,57;'Lietuvos ryto'' prenumerata;Laikraščiai, dienraščiai, periodiniai leidiniai ir žurnalai.;Ne per CPO;2014.06.16
9471;Teisės skyrius;KAT21.791;paslaugos;2014.06.20;Diana Degutienė, Violeta Naujokienė, Nijolė Reimerienė;31378,01;31378,01;Teisinio konsultavimo paslaugos;Teisinio konsultavimo paslaugos;pagal KMSA Supaprastintų viešųjų pirkimų taisyklių 115.1.3 papunktį, ne per CPO;2014.06.16
9488;Sveikatos apsaugos skyrius;KAT24.805;paslaugos;2014.07.03;Ave Vita klinika, UAB;7228,05;7228,05;Alkoholio, tabako, narkotinių ir psichotropinių medžiagų vartojimo prevencijos įgyvendinimo paslaugų pirkimas;Alkoholio, tabako, narkotinių ir psichotropinių medžiagų vartojimo prevencijos priemonių įgyvendinimas (sveikatos mokymai);Ne per CPO;2014.06.17
9509;Petrašiūnų seniūnija;Darbai;Saleziečių vienuolynas;Darbų pirkimas;2014.12.11;UAB ''Tekanas'';2316,96;2316,96;Krep6inio aikštelės aptvėrimas Saleziečių vienuolyne Marių g. 20B;Aptvarų, turėklų ir saugos įrenginių montavimo Darbai.;ne per CPO;2014.06.18
9510;Petrašiūnų seniūnija;Darbai;Elektrėnų g. 12;Darbų pirkimas;UAB „Neivex“;1737,63;1737,63;Trinkelių klojimo darbai šalia Elektrėnų g. 12;Trinkelių klojimas šalia Elektrėnų g. 12;ne per CPO;2014.06.18
9511;Petrašiūnų seniūnija;Darbai;Chemijos g./Guobų g;Darbų pirkimas;UAB Eglarta;868,25;868,25;Aptvarų statymas Amaliuose Chemijos g./Guobų g. kampas;Aptvarų statymas Amaliuose;ne per CPO;2014.06.18
9513;Transporto ir eismo organizavimo skyrius;Darbai;Saugos įrenginių montavimas Kauno miesto gatvėse;Darbų pirkimas;2014.06.27;UAB „Economus“;7096,27;Kauno miesto kelio ženklų, apsauginių atitvarų, įspėjamųjų stovų ir sferinių veidrodžių bei kitų inžinerinių eismo saugumo priemonių įrengimo, atstatymo ir eksploatavimo darbai;Kelio ženklų montavimas;34992200-9 Ne per CPO;2014.06.18
9528;Bendrasis skyrius;386;prekės;2014.07.15;UAB „Gariva“;11382;11382;Fotografijos prekės;Fotografijos prekės;Ne per CPO;2014.06.20
9548;Miesto tvarkymo skyrius;Darbai;M. Riomerio g. 41;Darbų pirkimas;2014.07.10;UAB „Bermanta“;8514,03;8514,03;Lietaus nuotekų tinklų ties M. Riomerio g. 41 namu projektavimas ir jų įrengimo darbai;Lietaus nuotekų tinklų ties M. Riomerio g. 41 namu projektavimo ir jų įrengimo darbai;Ne per CPO. BVPŽ kodas 71320000-7;2014.06.23
9568;Aleksoto seniūnija;KAT27.799;paslaugos;2014.07.14;Aleksoto seniūnijos Naugardiškių bendruomenė;579,24;579,24;Kultūrinio renginio - Oninių šventė organizavimas;Kultūrinio renginio - Oninių šventės organizavimo paslaugos;Ne per CPO;2014.06.26
9570;Aleksoto seniūnija;KAT26.920;paslaugos;2014.07.08;Aleksoto bendruomenės centras;153,5;153,5;Dviračių žygis skirtas S. Dariaus ir S. Girėno skrydžiui atminti;Dviračių žygis skirtas S. Dariaus ir S. Girėno skrydžiui paminėti;Ne per CPO;2014.06.26
9571;Aleksoto seniūnija;KAT27.799;paslaugos;2014.08.04;Asociacija Marvelės bendruomenės centras;868,86;868,86;Kultūrinio renginio - Žolinių šventės organizavimas;Kultūrinio renginio - Žolinių šventės ir Marvos dvaro jubiliejaus paminėjimo organizavimo paslaugos;Ne per CPO;2014.06.26
9589;Žaliakalnio seniūnija;443;prekės;UAB „BSM LT“;1445,22;1448,1;Dviračių stovai;Dviračių stovai;ne per CPO;2014.06.30
9590;Žaliakalnio seniūnija;352;prekės;2014.10.10;VšĮ „Meninė drožyba“;578,66;579,24;Informacinių lentų pirkimas;Informacinės lentos.;ne per CPO;2014.06.30
9591;Žaliakalnio seniūnija;KAT26.923;paslaugos;Bendruomenės centras „Žaliakalnio aušra“;2626,85;2635,54;Vaikų ir jaunimo sociokultūrinė edukacija „Vasara su knyga“;Vaikų aktyvios veiklos skatinimo paslaugos.;ne per CPO;2014.06.30
9599;Panemunės seniūnija;163;prekės;2014.07.10;UAB „Tavo technika“;1795,64;1795,64;Vejapjovės, naudojamos žolynams, parkų pievoms arba sporto aikštelėms pjauti;Vejapjovės, naudojamos žolynams, parkų pievoms arba sporto aikštelėms pjauti.;Ne per CPO;2014.07.01
9600;Panemunės seniūnija;373;prekės;2014.07.10;Albertas Martinaitis;1013,67;1013,67;Muzikos instrumentai. Basedlė;Muzikos instrumentai. Basedlė;Ne per CPO;2014.07.01
9606;Aplinkos apsaugos skyrius;KAT12.713;paslaugos;2014.08.11;1000;1000;Želdinių būklės ekspertizės paslaugų pirkimas;Želdinių būklės ekspertizės paslaugos;Ne per CPO;2014.07.02
9609;Bendrasis skyrius;442;prekės;2014.07.14;Individuali įmonė V. Verbavičiaus firma „Vermeda“;2316,76;2316,76;Durys su montavimo darbais Ašigalio g. 23;Durys su montavimo darbais Ašigalio g. 23;Ne per CPO;2014.07.03
9610;Bendrasis skyrius;397;prekės;2014.07.23;UAB „Santermita“;3475,44;3475,44;Pašildytuvo pirkimas Laisvės al. 96 pastato šildymo sistemai;Pašildytuvo pirkimas Laisvės al. 96 pastato šildymo sistemai;Ne per CPO;2014.07.03
9613;Bendrasis skyrius;Darbai;P. Plechavičiaus g. 9A;Darbų pirkimas;2014.07.23;UAB „Santermita“;2896,2;2896,2;Šiluminio mazgo ir šildymo sistemos Plechavičiaus g. 9A remonto darbai;Šiluminio mazgo ir šildymo sistemos Plechavičiaus g. 9A remonto darbai;Ne per CPO;2014.07.04
9615;Bendrasis skyrius;Darbai;L. Sapiegos g. 8A;Darbų pirkimas;2014.07.23;UAB „Santermita“;2889,52;2889,52;Šiluminio mazgo ir šiluminės trasos K. Sapiegos g. 8A remonto darbai;Šiluminio mazgo ir šiluminės trasos K. Sapiegos g. 8A remonto darbai;Ne per CPO;2014.07.04
9616;Bendrasis skyrius;Darbai;Laisvės al. 94B;Darbų pirkimas;2014.09.10;Individuali įmonė V. Verbavičiaus firma „Vermeda“;1448,02;1448,02;Apskaitos sk. kabineto Laisvės al. 94B remonto darba;Apskaitos sk. kabineto Laisvės al. 94B remonto darbai;Ne per CPO;2014.07.04
9622;Vilijampolės seniūnija;443;prekės;2014.08.25;UAB „Bonarta“;1592,91;1592,91;Piramidinė gėlinė;Piramidinė gėlinė;Ne per CPO;2014.07.08
9623;Vilijampolės seniūnija;443;prekės;2014.09.04;Bipa;1157,85;1157,85;Dviračių stovai;Dviračių stovai;Ne per CPO;2014.07.08
9625;Vilijampolės seniūnija;375;prekės;2014.07.21;UAB „Ksil pasaulis“;2719,53;2719,53;Vaikiškas žaidimų kompleksas;Vaikiškas žaidimų kompleksas;Ne per CPO;2014.07.08
9629;Petrašiūnų seniūnija;KAT17.552;paslaugos;Labdaros fondas „Petrašiūnų bendruomenės centras“;1373,55;1373,55;Stovyklos organizavimas vaikams;Stovyklaviečių paslaugos.;ne per CPO;2014.07.08
9648;Žaliakalnio seniūnija;KAT26.920;paslaugos;2014.08.01;Bendruomenės centras „Žaliakalnio aušra“;2024,44;2027,34;Renginių ciklas „Tu ant žalio kalno gyveni“;Renginių ciklas „Tu ant žalio kalno gyveni“;ne per CPO;2014.07.10
9671;Centro seniūnija;KAT27.799;paslaugos;2014.07.18;VšĮ „Karmelitų projektai“;431,53;431,53;Kultūrinis renginys ''Žolinių atlaidai''.;Kultūrinis renginys ''Žolinių atlaidai''.;Ne per CPO;2014.07.11
9672;Bendrasis skyrius;322;prekės;2014.07.22;UAB Bitė Lietuva;3468,69;3468,69;Išmanieji mobilieji telefonai su lietimui jautriu ekranu ir belaidė laisvų rankų įranga;Išmanieji mobilieji telefonai su lietimui jautriu ekranu ir belaidė laisvų rankų įranga;Ne per CPO;2014.07.11
9673;Aplinkos apsaugos skyrius;351;prekės;2014.07.25;4492,13;4492,13;Liemenių su atšvaitais pirkimas;Liemenės su atšvaitais.;Ne per CPO;2014.07.11
9730;Kultūros paveldo skyrius;KAT27.799;paslaugos;2014.07.28;Kauno kultūros centras „Tautos namai“;723,76;723,76;Europos paveldo dienų 2014 m. renginio Kaune organizavimo paslaugų pirkimas;Europos paveldo dienų 2014 m. renginio Kauno mieste organizavimas;Ne per CPO;2014.07.16
9731;Transporto ir eismo organizavimo skyrius;Darbai;Birželio 23-ioji g.;Darbų pirkimas;Bipa;926,56;926,56;Birželio 23-iosios g.;Saugos įrenginių montavimas.;Ne per CPO;2014.07.16
9732;Bendrasis skyrius;Darbai;Gedimino g. 13;Darbų pirkimas;2014.07.23;UAB „Santermita“;6997,43;6997,43;Oro kondicionavimo sistemos įrengimas Gedimino g. 13;Oro kondicionavimo sistemos įrengimas Gedimino g. 13;Ne per CPO;2014.07.16
9733;Bendrasis skyrius;395;prekės;2014.07.23;MB ,,Įdoma“;579,24;579,24;Plastikiniai kilimėliai po kėdėm;Plastikiniai kilimėliai po kėdėm;Ne per CPO;2014.07.16
9748;Miesto tvarkymo skyrius;441;prekės;2014.08.08;Bipa;4491,52;4491,52;Betoninių gėlių vazonų, apklijuotų betono skalda, pirkimas;Betoninių gėlių vazonų, apklijuotų betono skalda, pirkimas;Ne per CPO;2014.07.17
9749;Miesto tvarkymo skyrius;Darbai;Žvangučių g.;Darbų pirkimas;2014.08.08;UAB „Autokausta“;51870,83;51870,83;Žvangučių g. (nuo Purienų g. iki Riešutų g.) kapitalinis remontas (projekto parengimas ir darbų atlikimas pagal jį);Žvangučių g. (nuo Purienų g. iki Riešutų g.) kapitalinis remontas (projekto parengimas ir darbų atlikimas pagal jį);Ne per CPO. Papildomas BVPŽ kodas - 71320000-7;2014.07.17
9809;Gričiupio seniūnija;KAT17.552;paslaugos;2014.08.04;Kauno Šv. Antano Paduviečio parapija;2803,52;2838,28;Vaikų vasaros stovykla;Stovyklaviečių paslaugos.;ne per CPO;2014.07.23
9829;Miesto tvarkymo skyrius;Darbai;Iškiliųjų asfaltbetonio pėsčiųjų perėjų įrengimo darbai Kauno mieste;Darbų pirkimas;2014.08.13;UAB „Kamesta“;72140,21;72140,21;Iškiliųjų asfaltbetonio pėsčiųjų perėjų įrengimas Kauno mieste;Iškiliųjų asfaltbetonio pėsčiųjų perėjų įrengimas Kauno mieste;Ne per CPO;2014.07.23
9830;Bendrasis skyrius;442;prekės;2014.09.10;Individuali įmonė V. Verbavičiaus firma „Vermeda“;2606,22;2606,22;nemuno g. 29 įeigos durys su pakeitimu;nemuno g. 29 įeigos durys su pakeitimu;Ne per CPO;2014.07.23
9869;Miesto tvarkymo skyrius;Darbai;Sabalkalnio g.;Darbų pirkimas;2014.08.22;UAB „Bermanta“;7609,73;7609,72;Pralaidos Sabalkalnio g. remontas;Pralaidos Sabalkalnio g. remontas;Ne per CPO;2014.07.29
9870;Miesto tvarkymo skyrius;Darbai;P.Kalpoko g.;Darbų pirkimas;2014.08.11;UAB „Bermanta“;25398,44;25398,44;Šaligatvio tako P. Kalpoko g. (nuo Jonavos g. iki P. Kalpoko g. 76) remontas;Šaligatvio tako P. Kalpoko g. (nuo Jonavos g. iki Kalpoko g. Nr. 76) remontas;Ne per CPO;2014.07.29
9889;Statybos skyrius;384;prekės;2014.09.08;UAB ''Elintos matavimo sistemos'';32999,12;32999,12;Termovizoriaus ir infraraudonųjų spindulių termometro pirkimas;Termometrai.;ne per CPO;2014.07.29
9910;Petrašiūnų seniūnija;352;prekės;UAB „Gijota“;2461,77;2461,77;Skelbimų lentos;Informacinės lentos.;ne per CPO;2014.07.30
9929;Sveikatos apsaugos skyrius;Darbai;VšĮ Kauno Šančių poliklinika;Atlikti ir suprojektuoti darbus;2014.08.13;UAB ,,Terma'';149450;149450;VšĮ Kauno Šančių poliklinikos pastato A. Juozapavičiaus pr. 72 šilumos punkto renovavimas ir modernizavimas ir šilumos punkto Rokų ambulatorijoje įrengimas;VšĮ Kauno Šančių poliklinikos pastato A. Juozapavičiaus pr. 72 šilumos punkto renovavimas ir modernizavimas ir šilumos punkto Rokų ambulatorijoje įrengimas;71320000-7, Ne per CPO;2014.07.31
9953;Šilainių seniūnija;373;prekės;2014.09.01;UAB „Litart“;1332,25;1332,25;Muzikos instrumentų dėklai arba priedai;Muzikos instrumentų dėklai arba priedai.;Ne per CPO;2014.08.04
9969;Civilinės saugos skyrius;224;prekės;2014.08.22;UAB Cyanus;315,11;289,62;Ženklų kolektyvinės apsaugos statiniams (slėptuvėms) pirkimas;Ženklų kolektyvinės apsaugos  statiniams (slėptuvėms) pirkimas;ne per CPO;2014.08.04
9970;Viešosios tvarkos skyrius;323;prekės;2014.08.05;UAB “FORLITA”;140,18;140,18;Diktofonas kartu su filmavimo funkcija;Diktofonai kartu su filmavimo funkcija;Ne per CPO;2014.08.04
10009;Miesto tvarkymo skyrius;Darbai;M. Daukšos g.;Darbų pirkimas;2014.09.04;UAB „Bermanta“;19690,16;19690,16;Šaligatvio Jonavos g. (nuo M. Daukšos g. iki Šv. Gertrūdos g.) remonto darbai;Šaligatvio Jonavos g. (nuo M. Daukšos g. iki Šv. Gertrūdos g.) remonto darbai;Ne per CPO;2014.08.07
10010;Miesto tvarkymo skyrius;Darbai;M. Daukšos g.;Darbų pirkimas;2014.09.04;UAB „Bermanta“;15675,79;15675,79;Šaligatvio M. Daukšos g. (nuo Nr. 50 iki Šv. Gertrūdos g.) remonto darbai;Šaligatvio M. Daukšos g. (nuo Nr. 50 iki Šv. Gertrūdos g.) remonto darbai;Ne per CPO;2014.08.07
10049;Civilinės saugos skyrius;351;prekės;2014.09.12;UAB „Euroatletas“;767,49;1737,72;Gelbėtojų narų įrangos pirkimas;Gelbėtojų narų įrangos pirkimas;ne per cpo;2014.08.11
10109;Tarptautinių ryšių ir protokolo skyrius;323;prekės;UAB „Sintonas“;1062,53;1062,53;Vertimo įrangos (mikrofonų, kolonėlių, ausinių, įgarsinimo pulto, vertimo kabinų) nuomos pirkimas;Vertimo įrangos (mikrofonų, kolonėlių, ausinių, įgarsinimo pulto, vertimo kabinų) nuomos pirkimas.;ne per CPO, 32342100-3;2014.08.13
10111;Šilainių seniūnija;KAT1.501;paslaugos;2014.09.08;UAB ''Ordo'';577,01;579,24;Transporto (traktoriaus) priemonių ir su ja susijusių įrengimų remonto paslaugos;Transporto (traktoriaus) priemonių ir su jomis susijusių įrenginių remonto, priežiūros ir kitos paslaugos.;Ne per CPO;2014.08.14
10190;Centro seniūnija;KAT27.799;paslaugos;2014.09.17;VšĮ „Senamiesčio klubas“;1607,39;1592,91;Kultūrinis renginys ''Vasaros sezono uždarimas'';Kultūrinis renginys ''Vasaros sezono uždarymo šventė''.;Ne per CPO;2014.08.22
10191;Centro seniūnija;374;prekės;2014.09.05;Gintas Zybartas;608,2;608,2;Sporto prekės ''Lauko šachmatai'';Sporto prekės ''Lauko šachmatai''.;Ne per CPO;2014.08.22
10192;Centro seniūnija;KAT1.508;.;paslaugos;2014.09.16;Sūduvos vargonų centras;1447,52;1447,52;Kauno arkikatedros bazilikos vargonų remontas;Kauno arkikatedros bazilikos vargonų remontas.;Ne per CPO;2014.08.22
10193;Šančių seniūnija;374;prekės;2014.09.04;UAB „Euroatletas“;269,35;269,35;Kamuolių pirkimas;Kamuolių pirkimas;Ne per CPO;2014.08.25
10194;Šančių seniūnija;386;prekės;2014.09.09;UAB ,,Fotohobis“;289,33;289,33;Fotoaparato pirkimas;Fotoaparato pirkimas;Ne per CPO;2014.08.25
10212;Petrašiūnų seniūnija;391;prekės;UAB „Ksil pasaulis“;1071,59;1071,59;Lauko suolai;Suolai.;ne per CPO;2014.08.26
10215;Gričiupio seniūnija;KAT26.920;paslaugos;Kauno bendruomenės centras „Girsta“;2592,1;2606,58;Šventinis poilsio ir kultūros renginys ''Mes prie Nemuno užaugę, mylim savo miestą Kauną''.;Šventinis poilsio ir kultūros renginys ''Mes prie Nemuno užaugę, mylim savo miestą Kauną...''.;ne per CPO;2014.08.27
10218;Gričiupio seniūnija;KAT27.799;paslaugos;2014.09.17;Bendruomenės centras ,,Girsta'';1448,1;1448,1;Rudeninė poezijos valanda Adomo Mickevičiaus slėnyje.;Rudeninė poezijos valanda Adomo Mickevičiaus slėnyje.;ne per CPO;2014.08.27
10230;Centro seniūnija;392;prekės;2014.09.25;UAB Senukų prekybos centras;572,55;572,55;Gėlių vazonai;Gėlių vazonai.;Ne per CPO;2014.08.28
10231;Centro seniūnija;KAT27.799;paslaugos;2014.09.19;VšĮ Kauno religinės muzikos centras;863,07;863,07;Kultūrinis renginys, kocerto organizavimas Įgulos bažnyčioje.;Kultūrinis renginys, kocerto organizavimas Įgulos bažnyčioje.;Ne per CPO;2014.08.28
10250;Privatizavimo skyrius;KAT27.790;paslaugos;2014.09.24;Auditas ir konsultacijos, UAB;2768,48;2768,48;UAB ''Kauno aikštelė'' akcijų paketo vertinimo paslaugos;UAB ''Kauno aikštelė'' akcijų paketo vertinimo paslaugos;ne per CPO;2014.08.28
10270;Centro seniūnija;158;prekės;2013.09.24;UAB „LUPRA“;219,87;219,87;Kava, arbata ir kiti panašūs produktai.;Kava, arbata ir kiti panašūs produktai.;1584000-8, Ne per CPO;2014.08.29
10272;Žaliakalnio seniūnija;158;prekės;UAB „Aušrina“;113,82;115,85;Įvairūs maisto produktai;Įvairūs maisto produktai.;ne per CPO;2014.09.01
10276;Miesto tvarkymo skyrius;Darbai;Viadukas Marijampolės pl. virš Vaišvydavos pl.;Darbų pirkimas;2014.09.15;Švykai, UAB;46419,89;46419,89;Viaduko Marijampolės pl. virš Vaišvydavos pl. šalitilčių ir gelžbetoninių atitvarų remonto darbai;Viaduko Marijampolės pl. virš Vaišvydavos pl. šalitilčių ir gelžbetoninių atitvarų remontas;Ne per CPO;2014.09.01
10290;Eigulių seniūnija;KAT27.799;paslaugos;2014.09.12;Muravos bendruomenės centras;1294,89;1294,89;NEĮGALIŲJŲ IR PAGYVENUSIŲ ŽMONIŲ KULTŪRINIŲ RENGINIŲ ORGANIZAVIMAS;Pagyvenusių ir neįgalių žmonių renginių organizavimas.;ne per CPO;2014.09.02
10292;Asmenų aptarnavimo skyrius;222;prekės;2014.09.05;Verslo žinios, UAB;324,3;324,3;Verslo žinių prenumerata;Laikraščiai, dienraščiai, periodiniai leidiniai ir žurnalai.;Ne per CPO;2014.09.02
10294;Šančių seniūnija;391;prekės;2014.10.02;UAB AJ PRODUKTAI;639,55;639,55;Sulankstomų kėdžių pirkimas;Sulankstomų kėdžių pirkimas;Ne per CPO;2014.09.03
10295;Šančių seniūnija;391;prekės;2014.09.23;UAB „Ksil pasaulis“;573,45;573,45;Lauko suoliukų pirkimas;Lauko suoliukų pirkimas;Ne per CPO;2014.09.03
10296;Bendrasis skyrius;392;prekės;2014.09.09;Edmundas Unguraitis;3475,44;3475,44;Dirbiniai iš stiklo;Dirbiniai iš stiklo;Ne per CPO;2014.09.03
10297;Bendrasis skyrius;Darbai;V. Krėvės pr. 41A;Darbų pirkimas;2014.09.26;Individuali įmonė V. Verbavičiaus firma „Vermeda“;868,74;868,74;Pastato V. Krėvės pr. 41A lietaus kanalizacijos prijungimas prie miesto tinklų;Pastato V. Krėvės pr. 41A lietaus kanalizacijos prijungimas prie miesto tinklų;Ne per CPO;2014.09.03
10300;Šilainių seniūnija;Darbai;Baltų pr. 53;Pirkimas (prekių, paslaugų);UAB ''Grastatas'';5952,23;5952,23;Langų įstatymo darbai;Langų įstatymo Darbai.;44221100-6 per CPO;2014.09.03
10311;Žaliakalnio seniūnija;KAT26.926;paslaugos;Žaliakalnio bendruomenės centras ,,Spindulys'';143,94;144,81;Seniūnaitijų sporto varžybos;Seniūnaitijų sporto varžybos;ne per CPO;2014.09.04
10330;Šilainių seniūnija;352;prekės;2014.09.17;UAB ''Breolis'';543,33;543,33;Informacinės lentos;Informacinės lentos.;ne per CPO;2014.09.05
10352;Kultūros paveldo skyrius;KAT12.713;paslaugos;2014.10.10;Rimgaudas Miliukštis;208,53;208,53;Kauno miesto nekilnojamojo kultūros paveldo vertinimo tarybos nario paslaugų pirkimas;Kauno miesto nekilnojamojo kultūros paveldo vertinimo tarybos nario paslaugų pirkimas;Ne per CPO;2014.09.09
10354;Bendrasis skyrius;KAT25.851;paslaugos;2014.12.09;VšĮ Kauno Centro poliklinika;1900;1900;Darbuotojų privalomas sveikatos tikrinimas;Darbuotojų privalomas sveikatos tikrinimas;Ne per CPO;2014.09.09
10357;Šilainių seniūnija;KAT27.799;paslaugos;2014.11.27;Asociacija Kauno Šilainių bendruomenės centras;2316,96;2316,96;Kauno romansų festivalis„Ar sugrįš Metropolio vakarai“, „Kalėdinė eglutė“ organizavimo paslaugos;Renginiai: Kauno Romansų festivalis  „ Ar sugrįš Metropolio vakarai ?“, „Kalėdinė eglutė“  organizavimo paslaugos.;Ne per CPO;2014.09.09
10358;Bendrasis skyrius;KAT16.907;paslaugos;2014.10.10;UAB SDG;560,7;560,7;Profesinės rizikos vertinimas;Profesinės rizikos vertinimas;Ne per CPO;2014.09.09
10359;Bendrasis skyrius;351;prekės;2014.10.10;VšĮ Priešgaisrinių paslaugų garantas;487,36;487,36;Aktyvios gaisrinės saugos priemonės, evakuaciniai planai ir gesintuvų patikra;Aktyvios gaisrinės saugos priemonės, evakuaciniai planai ir gesintuvų patikra;Ne per CPO;2014.09.09
10360;Bendrasis skyrius;224;prekės;UAB SDG;243,56;243,56;Darbuotojų saugos ir sveikatos, gaisrinės saugos instrukcijos;Darbuotojų saugos ir sveikatos, gaisrinės saugos instrukcijos;Ne per CPO;2014.09.09
10361;Bendrasis skyrius;148;prekės;2014.10.31;UAB „Vilungė“;4840;4840;Armuotas stiklas su pakeitimu;Armuotas stiklas su pakeitimu;Ne per CPO;2014.09.09
10362;Centro seniūnija;375;prekės;2014.09.29;UAB „Ksil pasaulis“;3127,68;3127,68;Žaidimų aikštelės įrenginiai;Žaidimų aikštelės įrenginiai.;Ne per CPO;2014.09.10
10370;Bendrasis skyrius;336;prekės;2014.10.09;VšĮ „Auki sveikas“;2500;2500;Sezoninio gripo vakcina;Sezoninio gripo vakcina;Ne per CPO;2014.09.10
10372;Dainavos seniūnija;397;prekės;2014.10.22;UAB Avitelos prekyba;724,05;724,05;Šaldytuvas;Šaldytuvai.;ne per CPO;2014.09.10
10373;Dainavos seniūnija;427;prekės;2014.10.23;Siuvimo menas, Armando Zubarevo individuali veikla;1361,21;1361,21;Siuvamoji mašina;Siuvamosios mašinos.;ne per CPO;2014.09.10
10374;Dainavos seniūnija;182;prekės;2014.10.24;PAS MARIJĄ, K. Simanavičiaus salonas;2461,77;2461,77;Žemaitiški tautiniai drabužiai;Žemaitiški tautiniai drabužiai;ne per CPO;2014.09.10
10375;Informacinių technologijų skyrius;484;prekės;2014.10.29;UAB „Nevda“;14382,07;14382,07;Papildomas Žemės nuomos mokesčio informacinės sistemos Savitarnos modulio pirkimas;Papildomas Žemės nuomos mokesčio informacinės sistemos Savitarnos modulio pirkimas;ne per CPO;2014.09.10
10390;Aleksoto seniūnija;KAT27.799;paslaugos;2014.09.15;Aleksoto bendruomenės centras;2316,96;2316,96;14-osios Aleksoto šventės organizavimo paslaugos;Kultūrinio renginio - 14-osios Aleksoto šventės organizavimo paslaugos;Ne per CPO;2014.09.11
10391;Aleksoto seniūnija;KAT26.926;paslaugos;Aleksoto bendruomenės centras;1448,1;1448,1;Aleksoto seniūnaitijų sporto žaidynės;Aleksoto seniūnaitijų sporto žaidynės;Ne per CPO;2014.09.11
10392;Aleksoto seniūnija;KAT26.926;paslaugos;2014.10.03;Aleksoto bendruomenės centras;144,81;144,81;Aleksoto senjorų stalo teniso turnyro organizavimo paslaugos;Aleksoto senjorų stalo teniso varžybos;Ne per CPO;2014.09.11
10393;Miesto tvarkymo skyrius;Darbai;Viadukas Marijampolės pl. virš Vaišvydavos pl.;Darbų pirkimas;2014.10.07;UAB „Autokausta“;38685,07;38685,07;Viaduko Marijampolės pl. virš Vaišvydavos pl. deformacinių pjūvių remonto darbai;Viaduko Marijampolės pl. virš Vaišvydavos pl. deformacinių pjūvių remonto darbai;Ne per CPO;2014.09.11
10430;Vilijampolės seniūnija;352;prekės;2014.10.02;UAB „Gijota“;809,52;809,52;Informacinių lentų pirkimas;Informacinės lentos.;Ne per CPO;2014.09.15
10452;Miesto tvarkymo skyrius;Darbai;Šaligatvio nuo Partizanų link Savanorių pr. 300 ir 302 remontas;Darbų pirkimas;2014.10.06;UAB „Bermanta“;22925,83;22925,83;Šaligatvio nuo Partizanų g. link Savanorių pr. 300 ir 302 daugiabučių gyvenamųjų namų remontas;Šaligatvio-dviračių tako nuo Partizanų g. link Savanorių pr. 300 ir 302 daugiabučių gyvenamųjų namų remontas;Ne per CPO;2014.09.16
10470;Tarptautinių ryšių ir protokolo skyrius;KAT27.701;paslaugos;UAB „Kauno arena“;347,54;347,54;Salės nuomos konferencijai paslaugų pirkimas;Salės nuoma konferencijai „Sveikata. Aplinkosauga. Mobilumas“;ne per CPO;2014.09.17
10492;Panemunės seniūnija;158;prekės;2014.10.07;CHARLOT LT, UAB;288,9;288,9;Įvairūs maisto produktai;Įvairūs maisto produktai.;Ne per CPO;2014.09.19
10495;Transporto ir eismo organizavimo skyrius;Darbai;Kleboniškio g.;Darbų pirkimas;UAB „BISERIS“;2312,91;2312,91;Skersinių triukšmo juostų šaltuoju plastiku Kleboniškio g. darbų pirkimas;Kelių dangos žymėjimo Darbai.;Ne per CPO;2014.09.19
10497;Socialinės paramos skyrius;302;prekės;2014.10.28;UAB ''REO INVESTMENT'';1067,09;1067,09;Nešiojamieji kompiuteriai;Nešiojamieji kompiuteriai.;Pirkimas per CPO;2014.09.19
10499;Socialinės paramos skyrius;302;prekės;2014.10.24;UAB ''Skaitmeninės technologijos'';1039,41;1039,41;Įvairi kompiuterių įranga;Įvairi kompiuterių įranga.;Pirkimas per CPO;2014.09.19
10510;Socialinės paramos skyrius;KAT24.805;paslaugos;2014.11.24;VšĮ Valstybės ir savivaldybių tarnautojų mokymo centras ''Dainava'';7234,71;7234,71;Mokomieji seminarai;Mokomieji seminarai.;Ne CPO pirkimas;2014.09.19
10511;Socialinių paslaugų skyrius;322;prekės;UAB „Omnitel“;624,2;624,2;Mobilieji telefonai;Mobilieji telefonai.;per CPO;2014.09.22
10512;Socialinių paslaugų skyrius;325;prekės;2014.10.03;UAB „Trajektorija“;264,13;264,13;Belaidžiai telefonai;Belaidžiai telefonai.;ne per CPO;2014.09.22
10514;Bendrasis skyrius;391;prekės;2014.11.18;UAB „Ambinga“;2316,96;2316,96;Medinės kėdės.;Medinės kėdės.;Ne per CPO;2014.09.22
10530;Socialinių paslaugų skyrius;224;prekės;2014.10.09;UAB „Grafija“;2873,61;2873,61;Griežtos apskaitos ir kiti saugomi spaudiniai.;Griežtos apskaitos ir kiti saugomi spaudiniai.;ne per CPO;2014.09.23
10531;Šančių seniūnija;391;prekės;2014.10.06;UAB „Ambinga“;578,66;578,66;Stalų renginiams pirkimas;Stalų renginiams pirkimas;Ne per CPO;2014.09.23
10550;Dainavos seniūnija;KAT2.601;paslaugos;2014.09.26;;3272,71;Autobuso nuoma su vairuotoju;Miesto ir tolimojo susisiekimo autobusų nuoma su vairuotoju.;ne per CPO;2014.09.24
10551;Bendrasis skyrius;323;prekės;2014.09.25;UAB „Midiaudio“;1150;1150;Garso kolonėlės;Garso kolonėlės;Ne per CPO;2014.09.24
10570;Miesto tvarkymo skyrius;Darbai;Šaligatvio nuo A. Jakšto g. iki Šv. Gertrūdos g. remonto darbai;Darbų pirkimas;2014.10.06;UAB „Bermanta“;6613,93;6613,93;Šaligatvio nuo A. Jakšto g. iki Šv. Gertrūdos g. remontas;Šaligatvio nuo A. Jakšto g. iki Šv. Gertrūdos g. remontas;Ne per CPO;2014.09.26
10571;Miesto tvarkymo skyrius;Darbai;Vilniaus g.;Darbų pirkimas;2014.10.06;UAB „Bermanta“;19484,76;19484,76;Šaligatvio Vilniaus g. atkarpoje nuo J. Gruodžio g. iki M. Valančiaus g. remontas;Šaligatvio Vilniaus g. atkarpoje nuo J. Gruodžio g. iki M. Valančiaus g. remontas;Ne per CPO;2014.09.26
10572;Šančių seniūnija;443;prekės;2014.10.09;Bipa;1177,48;1177,48;Dviračių stovų pirkimas;Dviračių stovų pirkimas;Ne per CPO;2014.09.26
10573;Miesto tvarkymo skyrius;Darbai;T. Ivanausko g.;Darbų pirkimas;2014.10.21;UAB „Kauno keliai“;42245,29;42245,29;Įvažos tarp T. Ivanausko g. 126-168 namų įrengimas;Įvažos tarp T. Ivanausko g. 126-168 namų įrengimo darbai;Ne per CPO;2014.09.29
10590;Bendrasis skyrius;Darbai;Sapiegos g. 4;Darbų pirkimas;2014.10.10;UAB „Santermita“;838,53;838,53;Pastato L. Sapiegos g. 4 šildymo mazgo remonto darbai;Pastato L. Sapiegos g. 4 šildymo mazgo remonto darbai;Ne per CPO;2014.09.29
10610;Eigulių seniūnija;KAT26.920;paslaugos;2014.10.14;Muravos bendruomenės centras;1737,72;1737,72;Kultūros renginio organizavimas;Kultūros renginio organizavimas.;ne per CPO;2014.09.30
10611;Civilinės saugos skyrius;384;prekės;2014.11.17;UAB „Levoriškis“;2882,37;2882,37;Autonominių dūmų jutiklių pirkimas;Autonominių dūmų jutiklių pirkimas;ne per CPO;2014.09.30
10630;Bendrasis skyrius;185;prekės;2014.10.13;Audrius Jankauskas;1353,97;1353,97;Dekoratyviniai kalavijai;Dekoratyviniai kalavijai;Ne per CPO;2014.10.01
10690;Miesto tvarkymo skyrius;Darbai;Šv. Gertrūdos g.;Darbų pirkimas;2014.10.10;UAB „Bermanta“;8636,81;8636,81;Pėsčiųjų perėjos Šv. Gertrūdos g. ties Šauklių g. remontas;Pėsčiųjų perėjos Šv. Gertrūdos g. ties Šauklių g, remontas;Ne per CPO;2014.10.06
10731;Kultūros paveldo skyrius;Darbai;Atminimo lenta V. Starevičiui;Darbų pirkimas;2014.11.05;Kauno paminklų rest. proj. Institutas/ UAB ''Kauno projektavimo restauravimo ir statybos institutas'';5431,82;5431,82;Skulptūrinių elementų prie V. Starevičiaus atminimo lentos pagaminimo ir įrengimo darbai;Skulptūrinių elementų prie V. Starevičiaus atminimo lentos pagaminimo ir įrengimo darbai;Ne per CPO;2014.10.08
10752;Investicijų ir strateginio planavimo skyrius;KAT13.793;paslaugos;2014.10.15;UAB „Statyba ir architektūra“;2420;2420;Reklamos paslaugos . Straipsnis žurnale''Statyba ir architektūra'';Reklamos paslaugos. Straipsnis žurnale ''Statyba ir architektūra'';Ne per CPO, pagal tiekėją;2014.10.09
10770;Finansų skyrius;KAT27.983;paslaugos;2014.10.15;AB Lietuvos paštas;2419,28;2419,28;Korespndencijos parengimo išsiuntimui paslaugos;Korespondencijos parengimo išsiuntimui paslaugos.;pirkimas nebus atliekamas per CPO;2014.10.10
10811;Kūno kultūros ir sporto skyrius;Darbai;Rotušės a. čiuožyklos įrengimas;Darbų pirkimas;2014.11.19;Vilniaus ekstremalių sporto šakų klubas ''Arena'';20273,4;20273,4;Čiuožyklos įrengimo Rotušės aikštėje pirkimas;Čiuožyklos įrengimo Rotušės aikštėje pirkimas;Ne per CPO;2014.10.15
10830;Centro seniūnija;374;prekės;2014.11.25;UAB Senukų prekybos centras;868,8;868,8;Sporto prekės ir reikmenys gimnastikai;Sporto prekės ir reikmenys gimnastikai.;Ne per CPO;2014.11.04
10834;Viešosios tvarkos skyrius;KAT10.793;paslaugos;2014.11.21;UAB ''BMS sprendimai'';2374,88;2374,88;Papildomos įrangos tinkamumo įvertinimo pasalugos;Veiklos rezultatų tikrinimo paslaugos.;Ne per CPO;2014.10.17
10835;Miesto tvarkymo skyrius;Darbai;Kariūnų pl.;Darbų pirkimas;2014.10.29;UAB „Bermanta“;8272,07;8272,07;Kariūnų pl. įvažos į automobilių stovėjimo aikštelę remontas;Kariūnų pl. įvažos į automobilių stovėjimo aikštelę remontas;Ne per CPO;2014.10.17
10837;Miesto tvarkymo skyrius;Darbai;Viadukas Marijampolės pl. virš Vaišvydavos pl.;Darbų pirkimas;2014.10.31;UAB „Kauno keliai“;22590,38;22590,38;Viaduko Marijampolės pl. virš Vaišvydavos pl. asfaltbetonio dangos remontas;Viaduko marijampolės pl. virš Vaišvydavos pl. asfaltbetonio dangos remontas;Ne per CPO;2014.10.17
10838;Dainavos seniūnija;182;prekės;2014.10.24;VŠĮ ''Tautinio Kostiumo Studija'';2461,77;2461,77;Dzūkiški tautiniai drabužiai;Dzūkiški tautiniai drabužiai;ne per CPO;2014.10.17
10840;Dainavos seniūnija;182;prekės;2014.10.24;PAS MARIJĄ, K. Simanavičiaus salonas;2461,77;2461,77;Aukštaitiški tautiniai drabužiai;Aukštaitiški tautiniai drabužiai;ne per CPO;2014.10.17
10841;Dainavos seniūnija;182;prekės;2014.10.24;VŠĮ ''Tautinio Kostiumo Studija'';2461,77;2461,77;Suvalkietiški tautiniai drabužiai;Suvalkietiški tautiniai drabužiai;ne per CPO;2014.10.17
10842;Bendrasis skyrius;314;prekės;2014.12.11;UAB ''Jungtis'';1500;1500;Apsauginės signalizacijos akumuliatoriai;Apsauginės signalizacijos akumuliatoriai;Ne per CPO;2014.10.17
10850;Bendrasis skyrius;322;prekės;2014.10.31;UAB „Omnitel“;5703,2;5703,2;Mobilieji telefonai;Mobilieji telefonai;Per CPO;2014.10.20
10853;Šilainių seniūnija;KAT26.920;paslaugos;Asociacija Kauno Šilainių bendruomenės centras;1448,1;1448,1;Sportuojančių, šokančių narių telkimas treniruočių, užsiėmimų ir mokymų organizavimas;Sportuojančių, šokančių narių telkimas, treniruočių, užsiėmimų ir mokymų organizavimas;Ne per CPO;2014.10.22
10891;Bendrasis skyrius;KAT1.506;paslaugos;2014.12.16;UAB „Skaitmeninė elektronika“;1919,06;1919,06;Apsauginės signalizacijos remontas P. Plechavičiaus g. 9A;Apsauginės signalizacijos remontas P. Plechavičiaus g. 9A;Ne per CPO;2014.10.23
10911;Šilainių seniūnija;158;prekės;2014.11.21;UAB ''BIS'';867,99;868,86;Šokoladas ir konditerijos gaminiai iš cukraus;Šokoladas ir konditerijos gaminiai iš cukraus.;Ne per CPO;2014.10.24
10932;Viešosios tvarkos skyrius;325;prekės;2014.12.09;TEO LT, AB;17092,86;17092,86;Duomenų perdavimo įranga;Duomenų perdavimo įranga;Ne per CPO;2014.10.24
10933;Viešosios tvarkos skyrius;386;prekės;2014.12.10;TEO LT, AB;7450,32;7450,32;Vaizdo stebėjimo mobiliosios skaitmeninės kameros;Vaizdo stebėjimo mobiliosios skaitmeninės kameros;Ne per CPO;2014.10.24
10951;Informacinių technologijų skyrius;KAT7.722;paslaugos;2014.11.18;MB ''Verslo cechas'';1981;1981;Projektui AT FORT skirtos svetainės sukūrimo ir kitų susijusių paslaugų pirkimas;Projektui AT FORT skirtos svetainės sukūrimo ir kitų susijusių paslaugų pirkimas;ne per CPO;2014.10.27
10952;Aplinkos apsaugos skyrius;185;prekės;2014.11.03;1313,85;1313,85;Sveikinimų lentelių pirkimas;Sveikinimų lentelės;Ne per CPO;2014.10.27
10957;Aleksoto seniūnija;KAT27.799;paslaugos;2014.11.27;Aleksoto bendruomenės centras;1158,48;1158,48;Kalėdų eglutės organizavimo paslaugos.;Kalėdų eglutės organizavimo paslaugos.;Ne per CPO;2014.10.27
10958;Bendrasis skyrius;KAT26.923;paslaugos;Edmundas Unguraitis;1737,72;1737,72;2015 m. simbolis;2015 m. simbolis;Ne per CPO, pagal tiekėją;2014.10.28
10971;Bendrasis skyrius;185;prekės;UAB Lietuvos monetų kalykla;1148,04;1148,04;J. Vileišio vardo medaliai;J. Vileišio vardo medaliai;Ne per CPO;2014.10.29
10972;Bendrasis skyrius;395;prekės;2014.11.25;UAB „Dextera“;12090;12090;Žaliuzės;Žaliuzės;Ne per CPO;2014.10.29
10973;Kultūros paveldo skyrius;Darbai;Atminimo lenta Vladui Putvinskiui-Pūtviui, Laisvės al. 34;Darbų pirkimas;2014.11.10;UAB ,,Akmelita ir KO'';753,01;753,01;Atminimo lentos Vladui Putvinskiui-Pūtviui įrengimas Laisvės al.34 Kaune;Atminimo lentos Vladui Puvinskiui-Pūtviui įrengimas Laisvės al.34 Kaune;Ne per CPO;2014.10.29
10993;Šančių seniūnija;433;prekės;2014.11.24;UAB Terra media;1083,46;1083,46;Surenkamų įrenginių parodų, meninių dirbinių ir informacijos talpinimui pirkimas;Surenkamųjų įrenginių parodų, meninių dirbinių ir informacijos talpinimui pirkimas;Ne per CPO;2014.10.30
11011;Gričiupio seniūnija;KAT27.799;paslaugos;2014.11.06;Kauno Šv. Antano Paduviečio parapija;2606,58;2606,58;Adventinės popietės „Gerumu sušildyk“;Adventinė popietė „Gerumu sušildyk“;ne per CPO;2014.11.03
11012;Asmenų aptarnavimo skyrius;222;prekės;2014.11.06;Valstybės žinios;222,88;222,88;Valstybės žinių prenumerata;Laikraščiai, dienraščiai, periodiniai leidiniai ir žurnalai.;Ne per CPO;2014.11.03
11052;Statybos skyrius;KAT12.713;paslaugos;2014.11.12;UAB „AF-Consult“;350,44;350,44;Daugiabučių namų Sąjungos a. 15, Kaune ir Taikos pr. 84 II korpuso, Kaune atnaujinimo (modernizavimo) investicijų planų tikslinimo paslaugos pirkimas;Daugiabučių namų Sąjungos a. 15, Kaune ir Taikos pr. 84 II korpuso, Kaune atnaujinimo (modernizavimo) investicijų planų tikslinimo paslaugos pirkimas;ne per CPO;2014.11.04
11053;Žaliakalnio seniūnija;KAT27.799;paslaugos;Žaliakalnio bendruomenės centras Pelėdos“;172,32;173,77;Advento vakaronė;Advento vakaronė;ne per CPO;2014.11.04
11071;Bendrasis skyrius;322;prekės;2014.11.21;UAB „Omnitel“;2974;2974;Išskirtiniai mobilieji telefonai;Išskirtiniai mobilieji telefonai.;Ne per CPO;2014.11.05
11072;Dainavos seniūnija;370;prekės;2014.11.13;UAB Jurasta;2867,24;2867,24;Prekių pirkimas projektui Skaityk,kurk,žaisk daugų būryje;Muzikos instrumentai, sporto prekės, žaidimai, žaislai, rankdarbiai, meno kūriniai ir jų priedai.;ne per CPO;2014.11.05
11073;Šilainių seniūnija;375;prekės;UAB ''Ežerėlio vaivorykštė'';3423,31;3475,44;Žaidimų aikštelės įrenginiai;Žaidimų aikštelės įrenginiai.;Ne per CPO;2014.11.05
11094;Bendrasis skyrius;KAT6.665;paslaugos;2014.11.17;'BTA Insurance Company'' SE filialas Lietuvoje;63,72;63,72;Automobilių valdytojų civilinės atsakomybės privalomasis draudimas;Automobilių valdytojų civilinės atsakomybės privalomasis draudimas;Ne per CPO;2014.11.06
11134;Informacinių technologijų skyrius;KAT7.723;paslaugos;2014.11.11;VĮ „Infostruktūra“;84,11;84,11;Domenų įsigijimo ir panaudos paslaugos;Domenų įsigijimo ir panaudos paslaugos.;ne per CPO;2014.11.07
11155;Šančių seniūnija;184;prekės;2014.11.21;UAB ''Sporto fėja'';296,86;296,86;Sportinių marškinėlių pirkimas;Sportinių marškinėlių pirkimas;Ne per CPO;2014.11.10
11156;Šančių seniūnija;158;prekės;2014.12.03;UAB ''Eurobiuras'' - keitėsi įmonės pavadinimas;77,98;77,98;Įvairių maisto produktų pirkimas;Įvairių maisto produktų pirkimas;Ne per CPO;2014.11.10
11157;Šančių seniūnija;395;prekės;2014.12.03;UAB ''Easy Fun'';269,35;269,35;Sulankstomos lauko pavėsinės (tento) pirkimas;Sulankstomos lauko pavėsinės (tento) pirkimas;Ne per CPO;2014.11.10
11159;Kultūros paveldo skyrius;Darbai;Atminimo lenta Valdemarui Manomaičiui, Parodos g. 7;Darbų pirkimas;2014.11.21;Danielius Sodeika;753,01;753,01;Atminimo lentos Valdemarui Manomaičiui įrengimas Parodos g.7 Kaune;Atminimo lentos Valdemarui Manomaičiui įrengimas Parodos g.7 Kaune;Ne per CPO;2014.11.10
11160;Kultūros paveldo skyrius;Darbai;Atminimo lenta Jonui Karučiui, J. Staugaičio g. 16;Darbų pirkimas;2014.11.21;Skulptorius Balys Gudas;724,05;724,05;Atminimo lentos Jonui Karučiui įrengimas J.Staugaičio g.16 Kaune;Atminimo lentos Jonui Karučiui įrengimas J.Staugaičio g.16 Kaune;Ne per CPO;2014.11.10
11164;Kultūros paveldo skyrius;Darbai;Atminimo lenta Antanui Gedmantui, Aukštaičių g. 44;Darbų pirkimas;2014.11.24;Jonas Lukšė;521,32;521,32;Atminimo lentos kpt. Antanui Gedmantui įrengimas Aukštaičių g.44 Kaune;Atminimo lentos kpt. Antanui Gedmantui įrengimas Aukštaičių g.44 Kaune;Ne per CPO;2014.11.10
11194;Centro seniūnija;KAT27.799;paslaugos;2014.11.25;Kauno valstybinis dramos teatras;1442,31;1442,31;Kultūrinis renginys ''Kalėdų eglutė'' spektaklio užsakymas.;Kultūrinis renginys ''Kalėdų eglutė'' spektaklio užsakymas.;Ne per CPO;2014.11.10
11216;Šilainių seniūnija;322;prekės;2014.11.27;UAB Novanet;842,79;842,79;Mobilieji telefonai;Mobilieji telefonai.;Ne per CPO;2014.11.11
11234;Bendrasis skyrius;442;prekės;UAB „VAP Glass“;579,24;579,24;Mažosios salės stiklinės durys;Mažosios salės stiklinės durys;Ne per CPO;2014.11.11
11235;Bendrasis skyrius;Darbai;Rotušės a. 29;Darbų pirkimas;2014.11.25;UAB „Santermita“;5000;Pastato Rotušės a. 29 magistralinio šalto vandens vandentiekio ir šildymo sistemos vamzdyno remonto darbai;Pastato Rotušės a. 29 magistralinio šalto vandens vandentiekio ir šildymo sistemos vamzdyno remonto darbai;Ne per CPO;2014.11.11
11255;Tarptautinių ryšių ir protokolo skyrius;KAT13.793;paslaugos;2014.11.26;VšĮ ''Žurnalistinių tyrimų ir konsultacijų grupė'';868,86;868,86;Reklamos paslaugos. Žurnalas ''Reitingai'';Reklamos paslaugos. Žurnalas ''Reitingai'';ne per CPO;2014.11.12
11274;Šilainių seniūnija;KAT27.799;paslaugos;Asociacija Kauno Šilainių bendruomenės centras;289,62;289,62;Mokymo priemonės, skatinančios saviraišką ir gyventojų išprusimą organizavimo paslaugos;Mokymo priemonės, skatinančios saviraišką ir gyventojų išprusimą organizavimo paslaugos (Muziejaus lankymas su edukacine programa).;Ne per CPO;2014.11.13
11294;Statybos skyrius;302;prekės;2014.12.02;UAB ''Saulenet IT'';10143;10143;Nešiojamų kompiuterių pirkimas;Nešiojamieji kompiuteriai.;ne per CPO;2014.11.19
11295;Asmenų aptarnavimo skyrius;222;prekės;2014.11.17;UAB ''Mokesčių žinios'';77,91;77,91;'Mokesčių žinių'' prenumerata;Laikraščiai, dienraščiai, periodiniai leidiniai ir žurnalai.;Ne per CPO;2014.11.13
11314;Dainavos seniūnija;KAT27.799;paslaugos;2014.11.26;Kauno Gerojo Ganytojo parapija;1592,91;1592,91;Adventinė - Kalėdinė popietė;Adventinė - Kalėdinė popietė;ne per CPO;2014.11.14
11315;Dainavos seniūnija;KAT2.601;paslaugos;2014.11.27;UAB „Excursus“;2867,24;2867,24;Miesto ir tolimojo susisiekimo aut. nuoma;Miesto ir tolimojo susisiekimo autobusų nuoma su vairuotoju.;ne per CPO;2014.11.14
11316;Dainavos seniūnija;KAT12.712;paslaugos;2014.11.27;UAB „Kančo studija“;1448,1;1448,1;Paminklo Kovo 11-ajai atminti projektavimo paslauga;Paminklo Kovo 11-ajai atminti projektavimo paslaugos;ne per CPO;2014.11.14
11343;Bendrasis skyrius;301;prekės;2014.11.25;UAB ,,Spaudmeta“;4998,4;4998,4;Įvairios paskirties kalendoriai;Įvairios paskirties kalendoriai;Ne per CPO;2014.11.17
11374;Bendrasis skyrius;352;prekės;2014.12.15;UAB „Ambinga“;500;500;Kamštinė medžiaga skelbimų lentoms;Kamštinė medžiaga skelbimų lentoms;Ne per CPO;2014.11.19
11375;Miesto tvarkymo skyrius;Darbai;J. Damijonaičio g.;Darbų pirkimas;2014.12.01;UAB „Bermanta“;10292,33;10292,33;Paviršinio vandens surinkimo prie J. Damijonaičio g. ir šaligatvio remontas bei Vidukalnio g. lietaus nuotekų remontas;Paviršinio vandens surinkimo prie J. Damijonaičio g. ir šaligatvio remontas bei Vidukalnio g. lietaus nuotekų remontas;Ne per CPO;2014.11.19
11376;Asmenų aptarnavimo skyrius;222;prekės;2014.11.24;VšĮ „Savivaldybių žinios“;688,14;688,14;Savivaldybių žinių prenumerata;Laikraščiai, dienraščiai, periodiniai leidiniai ir žurnalai.;Ne per CPO;2014.11.19
11395;Bendrasis skyrius;421;prekės;2014.12.01;UAB „Santermita“;2800;2800;Cirkuliacinis siurblys;Cirkuliacinis siurblys;Ne per CPO;2014.11.20
11414;Šančių seniūnija;158;prekės;2014.11.28;UAB Sanitex;119,95;119,95;Saldžiųjų Kalėdinių dovenėlių pirkimas;Saldžiųjų Kalėdinių dovanėlių ir įvairių maisto produktų pirkimas;15800000-6, ne per CPO;2014.11.21
11415;Asmenų aptarnavimo skyrius;222;prekės;AB Lietuvos paštas;1641,44;1641,44;Prenumerata per paštą;Laikraščiai, dienraščiai, periodiniai leidiniai ir žurnalai.;Ne per CPO;2014.11.21
11434;Bendrasis skyrius;KAT24.805;paslaugos;2014.11.27;VšĮ Priešgaisrinių paslaugų garantas;260,66;260,66;Darbuotojų gaisrinės saugos mokymo ir atestavimo paslaugos;Darbuotojų gaisrinės saugos mokymo ir atestavimo paslaugos;Ne per CPO;2014.11.24
11455;Centro seniūnija;KAT27.799;paslaugos;2014.12.12;VšĮ Kauno religinės muzikos centras;796,45;796,45;Kalėdinės vargoninės muzikos koncerto organizavimas;Kalėdinės vargoninės muzikos koncerto organizavimas;Ne per CPO;2014.11.25
11494;Bendrasis skyrius;341;prekės;2014.12.03;UAB „Ambinga“;10000;10000;Krovininio automobilio nuoma;Krovininio automobilio nuoma;Ne per CPO;2014.11.28
11514;Bendrasis skyrius;Darbai;J. Gruodžio g. 9;Darbų pirkimas;2014.12.08;Individuali įmonė V. Verbavičiaus firma „Vermeda“;24993,76;24993,76;Gruodžio g. 9 pertvarkymo darbai;Gruodžio g. 9 pertvarkymo darbai;Ne per CPO;2014.12.01
11516;Informacinių technologijų skyrius;KAT7.723;paslaugos;2014.12.01;Kauno technologijos universitetas;11,56;11,56;Internetinio domeno sveikasjaunimas.lt panaudojimo paslauga;Internetinio domeno sveikasjaunimas.lt panaudojimo paslauga;ne per CPO;2014.12.01
11517;Socialinių paslaugų skyrius;158;prekės;UAB ''Eurobiuras'' - keitėsi įmonės pavadinimas;9999,99;9999,99;Įvairūs maisto produktai;Įvairūs maisto produktai.;ne per CPO;2014.12.02
11518;Bendrasis skyrius;315;prekės;2014.12.11;UAB „Ambinga“;1990;1990;Elektrinės girliandos;Elektrinės girliandos;Ne per CPO;2014.12.02
11519;Kultūros paveldo skyrius;Darbai;Panemunės kapinės, Tylos g.;Darbų pirkimas;2014.12.17;UAB ,,Akmelita ir KO'';1448,1;1448,1;Panemunės kapinių informacinio ženklo išplėtimo darbai;Panemunės kapinių informacinio ženklo išplėtimo darbai;Ne per CPO;2014.12.02
11520;Kultūros paveldo skyrius;Darbai;Panemunės kapinės, Tylos g.;Darbų pirkimas;2014.12.18;UAB ,,Akmelita ir KO'';1448,1;1448,1;Lietuvos kariuomenės kario naujų kryželių įrengimas Panemunės kapinėse (5 vnt.), vietoj senų susidėvėjusių;Lietuvos kariuomenės karių naujų kryželių įrengimas Panemunės kapinėse, vietoj senų susidėvėjusių;Ne per CPO;2014.12.02
11521;Kultūros paveldo skyrius;Darbai;Dailininko K. Šimonio antkapinio paminklo restauravimas, Petrašiūnų kapinėse;Darbų pirkimas;2014.12.17;Kauno paminklų rest. proj. Institutas/ UAB ''Kauno projektavimo restauravimo ir statybos institutas'';868,85;868,85;Medinio kryžiaus Kaziui Šimoniui  Petrašiūnų kapinėse restauravimas;Medinio kryžiaus Kaziui Šimoniui  Petrašiūnų kapinėse restauravimas;Ne per CPO;2014.12.02
11554;Bendrasis skyrius;397;prekės;UAB „Rikonetas“;773,29;773,29;Kavos virimo aparatai;Kavos virimo aparatai;Ne per CPO;2014.12.09
11555;Kultūros paveldo skyrius;Darbai;Atminimo lenta Kaziui Šimoniui, Kęstučio g. 68;Darbų pirkimas;2014.12.18;Jonas Lukšė;289,62;289,62;Duomenų tikslinimas esamoje K. Šimonio atminimo lentoje;Duomenų tikslinimas K. Šimonio atminimo lentoje;Ne per CPO;2014.12.10
11556;Kultūros paveldo skyrius;Darbai;Atminimo lenta Kaziui Binkiui ir Zofijai Binkienei Vydūno al. 45;Darbų pirkimas;2014.12.17;UAB ,,Akmelita ir KO'';289,62;289,62;Duomenų tikslinimas esamoje K. Binkio atminimo lentoje;Duomenų tikslinimas K.Binkio lentoje;Ne per CPO;2014.12.10
11557;Viešosios vadybos ir personalo skyrius;KAT12.713;paslaugos;2015.01.05;Jonas Butkevičius;2867,24;2867,24;Kauno viešojo transporto maršrutų reformos tinkamumo vertinimo paslaugos;Kauno viešojo transporto maršrutų reformos tinkamumo vertinimo paslaugos;Ne per CPO;2014.12.10
11595;Bendrasis skyrius;421;prekės;2014.12.18;AB „Lytagra“;1821,6;1821,6;Elektroniniai pisuaro nuplovimo prietaisai;Elektroniniai pisuaro nuplovimo prietaisai;Ne per CPO;2014.12.16
11598;Bendrasis skyrius;Darbai;Ožeškienės g. 9;Darbų pirkimas;2014.12.18;Individuali įmonė V. Verbavičiaus firma „Vermeda“;6997,43;6997,43;Pastato E. Ožeškienės g. 9 laiptinės remonto darbai;Pastato E. Ožeškienės g. 9 laiptinės remonto darbai;Ne per CPO;2014.12.17
11614;Kultūros ir turizmo plėtros skyrius;185;prekės;2015.02.01;UAB „Officeday“;11518,33;11518,33;Kauno miesto savivaldybės verslo dovanų pirkimas (papildymas);Kauno miesto savivaldybės verslo dovanų pirkimas (papildymas);Ne per CPO;2014.12.18
11781;Gričiupio seniūnija;392;prekės;2014.11.04;UAB ''Eurobiuras'' - keitėsi įmonės pavadinimas;214,32;214,32;Statulėlės, įvairūs prizai ir kiti suvenyrai;Statulėlės, papuošalai ir kiti suvenyrai;ne per CPO;2014.12.31
